Sampling Method,Transformation Method,Scaling Method,Dim Reduction Method,Model Name,Accuracy Train,Accuracy Test,F1 Train,F-beta Train,F1 Test,F-beta Test,ROC AUC Train,ROC AUC Test
none,none,standard,none,logreg,0.7279609690444145,0.7188662306015134,0.6072382803011902,0.5778784570467388,0.600728597449909,0.5776143130439468,0.8110244625354446,0.8010236611940788
none,none,standard,none,rf,1.0,0.7932538155700911,1.0,1.0,0.716496658459374,0.7116444062239661,1.0,0.8783818743792519
none,none,standard,none,dt,1.0,0.7328459663973323,1.0,1.0,0.6398063288950372,0.6454729666259611,1.0,0.7146229446652178
none,none,standard,none,knn_5,0.8136944818304173,0.7136077978709761,0.7390300230946881,0.7232651960558202,0.6001790510295434,0.5863214972887878,0.8955058326555031,0.7745405047751603
none,none,standard,none,xgboost,0.8934387617765814,0.7659356162626652,0.8543841096142352,0.855509712606024,0.6840920893197161,0.6894904244896863,0.9604361860384674,0.8436658415505199
none,none,standard,none,gradboost,0.767092866756393,0.7493907913299988,0.6830586080586081,0.686598974707565,0.663799036476256,0.6727745881847937,0.8486956248996425,0.8288673674161133
none,none,standard,pca_21,logreg,0.7270188425302826,0.718737976144671,0.6036445356392593,0.5714570325702191,0.5982780729071259,0.5722488038277512,0.8104022321509242,0.8012579458599989
none,none,standard,pca_21,rf,1.0,0.7863280749006027,1.0,1.0,0.6938625505328924,0.6617595513494567,1.0,0.8734491558390817
none,none,standard,pca_21,dt,1.0,0.7184814672309863,1.0,1.0,0.625362689878819,0.6385414572022253,1.0,0.7019528157760924
none,none,standard,pca_21,knn_5,0.8134589502018843,0.7136077978709761,0.7383918459796149,0.7218531766308975,0.5997490589711418,0.585319249142165,0.8952594989505452,0.7714141139311467
none,none,standard,pca_21,xgboost,0.9158479138627187,0.7626010003847634,0.8839712363720715,0.8778435771216744,0.6753201192773197,0.6723806709029113,0.9722588782679246,0.8373783064573668
none,none,standard,pca_21,gradboost,0.7569986541049798,0.728998332692061,0.6538867056455477,0.630136207643828,0.6161671207992734,0.5939575167360353,0.8384962513768568,0.8083864284201597
none,none,minmax,none,logreg,0.7254037685060565,0.717711940489932,0.6017275877214386,0.5702099200660247,0.5965169569202566,0.570176975643946,0.8094321943162994,0.7996958829318455
none,none,minmax,none,rf,1.0,0.793895087854303,1.0,1.0,0.7169279549057599,0.7110316745729913,1.0,0.8785390786822755
none,none,minmax,none,dt,1.0,0.7323329485699628,1.0,1.0,0.6387398303617795,0.6437802799511495,1.0,0.7138513978371632
none,none,minmax,none,knn_5,0.810935397039031,0.7152751058099269,0.7369012501755865,0.7255801087338151,0.6042780748663102,0.592768945202163,0.8921497165792842,0.7745742672481646
none,none,minmax,none,xgboost,0.8934387617765814,0.7659356162626652,0.8543841096142352,0.855509712606024,0.6840920893197161,0.6894904244896863,0.9604361860384674,0.8436658415505199
none,none,minmax,none,gradboost,0.767092866756393,0.7493907913299988,0.6830586080586081,0.686598974707565,0.663799036476256,0.6727745881847937,0.8486956248996425,0.8289034656576901
none,none,minmax,pca_21,logreg,0.7253701211305518,0.7170706682057202,0.601425920500049,0.5695888208215045,0.5950807635829662,0.5681278981990725,0.8091248337942033,0.7995829874508356
none,none,minmax,pca_21,rf,1.0,0.7797870976016417,1.0,1.0,0.6934475986430995,0.6792310693194507,1.0,0.8726009533333258
none,none,minmax,pca_21,dt,1.0,0.7393869436962934,1.0,1.0,0.6481994459833796,0.6532102211724286,1.0,0.7214031145845956
none,none,minmax,pca_21,knn_5,0.8109017496635262,0.7160446325509812,0.7367434888514146,0.7251422167368884,0.6057692307692308,0.5948192382182053,0.8920077885823253,0.7750180986673945
none,none,minmax,pca_21,xgboost,0.9164199192462988,0.7682441964858279,0.8847545699174167,0.8785838324414361,0.6790978511809626,0.6684685411540064,0.9725300128143622,0.8416851451913744
none,none,minmax,pca_21,gradboost,0.7656123822341857,0.7395151981531358,0.6743338008415147,0.6649220229356825,0.6382902938557435,0.6266492716977581,0.8441526107122478,0.8155575210615544
none,none,robust,none,logreg,0.7278600269179004,0.7188662306015134,0.6069588881329575,0.5774305283896528,0.6008739985433358,0.5779490219324245,0.8110462630585684,0.8011299740545658
none,none,robust,none,rf,1.0,0.7947928690521996,1.0,1.0,0.7178130511463844,0.7110985673198399,1.0,0.8785399988335314
none,none,robust,none,dt,1.0,0.7324612030268052,1.0,1.0,0.638975424022153,0.644120567946963,1.0,0.7140259788427498
none,none,robust,none,knn_5,0.8157133243606999,0.7183532127741439,0.7415412203293851,0.7249003750793983,0.6053199137311287,0.5892866756393002,0.8992493218120914,0.775934604708683
none,none,robust,none,xgboost,0.8934387617765814,0.7659356162626652,0.8543841096142352,0.855509712606024,0.6840920893197161,0.6894904244896863,0.9604361860384674,0.8436658415505199
none,none,robust,none,gradboost,0.767092866756393,0.7493907913299988,0.6830586080586081,0.686598974707565,0.663799036476256,0.6727745881847937,0.8486956248996425,0.8288622711937731
none,none,robust,pca_21,logreg,0.7270524899057873,0.7214313197383609,0.604254073568153,0.5727854180154671,0.6004415011037527,0.5720757159035754,0.810375861574129,0.8019142260480381
none,none,robust,pca_21,rf,1.0,0.7835064768500706,1.0,1.0,0.6906158357771262,0.6602329092085399,1.0,0.8732990650130746
none,none,robust,pca_21,dt,1.0,0.7295113505194305,1.0,1.0,0.6311002273919889,0.6299813305038077,1.0,0.708619382405802
none,none,robust,pca_21,knn_5,0.8156796769851952,0.7186097216878287,0.7414086102719033,0.7245493257629525,0.6051115910727142,0.5883002207505518,0.89930017342426,0.7761428420159749
none,none,robust,pca_21,xgboost,0.9170592193808883,0.7619597281005515,0.8856944122420589,0.8799316750596248,0.6727785613540198,0.6667025051069777,0.9728800955262304,0.839018971537032
none,none,robust,pca_21,gradboost,0.7606325706594885,0.7311786584583815,0.6584733557369179,0.6335424912771899,0.6207021353601158,0.600441679459212,0.8408223989306387,0.8120941425152916
none,log,standard,none,logreg,0.740578734858681,0.7325894574836476,0.6297541298501729,0.6057490051165435,0.6242566228149217,0.606205828902201,0.8218562709429361,0.8135128034092595
none,log,standard,none,rf,1.0,0.7944081056816724,1.0,1.0,0.7173338035619821,0.7107395809534048,1.0,0.8786608217715148
none,log,standard,none,dt,1.0,0.734128510965756,1.0,1.0,0.6401666377365042,0.6435695397130085,1.0,0.7151971898297522
none,log,standard,none,knn_5,0.8183041722745625,0.716301141464666,0.7470252037852525,0.7351983600627034,0.6097388849682427,0.603838503306274,0.8989096608732594,0.7721873241095484
none,log,standard,none,xgboost,0.8934387617765814,0.7659356162626652,0.8543841096142352,0.855509712606024,0.6840920893197161,0.6894904244896863,0.9604361860384674,0.8436658415505199
none,log,standard,none,gradboost,0.767092866756393,0.7493907913299988,0.6830586080586081,0.686598974707565,0.663799036476256,0.6727745881847937,0.8486956248996425,0.8288820190553416
none,log,standard,pca_21,logreg,0.7402422611036339,0.733102475311017,0.629487425609522,0.605815556471441,0.6256520957006655,0.6085739282589675,0.821525493778309,0.8129929179496879
none,log,standard,pca_21,rf,1.0,0.7853020392458638,1.0,1.0,0.6887318705838601,0.6497018107240198,1.0,0.8750790976175726
none,log,standard,pca_21,dt,1.0,0.722842118763627,1.0,1.0,0.625411683133992,0.6295416415005705,1.0,0.7033487560121268
none,log,standard,pca_21,knn_5,0.818371467025572,0.7157881236372964,0.7471662763466042,0.735464559556826,0.6090331686661963,0.6031396161496694,0.8989360168024468,0.7724837897661061
none,log,standard,pca_21,xgboost,0.9200538358008076,0.767602924201616,0.8901525658807211,0.8868221338832082,0.6798586572438163,0.6724017420291413,0.9752080520595906,0.842118324090296
none,log,standard,pca_21,gradboost,0.7639973082099596,0.7383609080415544,0.6614538082826528,0.6332402055919298,0.6263736263736264,0.5992236778262978,0.8457844909457496,0.8169805703692044
none,log,minmax,none,logreg,0.7392664872139973,0.7336154931383866,0.6271113035946297,0.6020533267945288,0.6250225672504062,0.6059373948165602,0.8214434574088747,0.8127456096044539
none,log,minmax,none,rf,1.0,0.7944081056816724,1.0,1.0,0.7173338035619821,0.7107395809534048,1.0,0.8786624497314292
none,log,minmax,none,dt,1.0,0.734128510965756,1.0,1.0,0.6401666377365042,0.6435695397130085,1.0,0.7151971898297522
none,log,minmax,none,knn_5,0.8187752355316286,0.7229703732204694,0.747870049620822,0.7365397300498621,0.6175637393767706,0.6095934609593461,0.8995230343375231,0.7794748866656775
none,log,minmax,none,xgboost,0.8934387617765814,0.7659356162626652,0.8543841096142352,0.855509712606024,0.6840920893197161,0.6894904244896863,0.9604361860384674,0.8436658415505199
none,log,minmax,none,gradboost,0.767092866756393,0.7493907913299988,0.6830586080586081,0.686598974707565,0.663799036476256,0.6727745881847937,0.8486956248996425,0.8288878230863402
none,log,minmax,pca_21,logreg,0.7386944818304172,0.7338720020520713,0.6262752646775746,0.6012238979942855,0.625653977990258,0.606954859381521,0.8212956630449431,0.8124623445793748
none,log,minmax,pca_21,rf,1.0,0.7870976016416571,1.0,1.0,0.6989481320275662,0.6747744107744108,1.0,0.8758426108173547
none,log,minmax,pca_21,dt,1.0,0.7345132743362832,1.0,1.0,0.6432264736297828,0.6508894791918217,1.0,0.7171121661549682
none,log,minmax,pca_21,knn_5,0.8190780619111709,0.7223291009362576,0.748326702550901,0.7370851227564978,0.6163388268651425,0.6078866346683875,0.8995498174886082,0.7796059728292075
none,log,minmax,pca_21,xgboost,0.9181695827725438,0.7711940489932025,0.8877089297257365,0.8854446388969582,0.6873466526463371,0.6849090567152952,0.9734815360725738,0.8460717185707476
none,log,minmax,pca_21,gradboost,0.7691453566621803,0.7410542516352443,0.6754954358416497,0.6589532188856434,0.6395286555972147,0.6264175309738085,0.8478304785853462,0.8193068543057982
none,log,robust,none,logreg,0.7408815612382235,0.7334872386815442,0.6301685636075495,0.6061206868984043,0.6254506128334536,0.6072640137849337,0.8218373071732135,0.8135483354039097
none,log,robust,none,rf,1.0,0.7944081056816724,1.0,1.0,0.7173338035619821,0.7107395809534048,1.0,0.8786663072886172
none,log,robust,none,dt,1.0,0.734128510965756,1.0,1.0,0.6401666377365042,0.6435695397130085,1.0,0.7151971898297522
none,log,robust,none,knn_5,0.8188761776581427,0.7148903424393998,0.7469324432325701,0.7327191392295495,0.6006825938566552,0.5850638601402366,0.9003459491569128,0.7744495159721271
none,log,robust,none,xgboost,0.8934387617765814,0.7659356162626652,0.8543841096142352,0.855509712606024,0.6840920893197161,0.6894904244896863,0.9604361860384674,0.8436658415505199
none,log,robust,none,gradboost,0.767092866756393,0.7493907913299988,0.6830586080586081,0.686598974707565,0.663799036476256,0.6727745881847937,0.8486956248996425,0.828901342231715
none,log,robust,pca_21,logreg,0.7409488559892329,0.7348980377068103,0.6301225078068701,0.605860761607641,0.6264232785107537,0.6066865044635043,0.8217075537797056,0.8139779044786734
none,log,robust,pca_21,rf,1.0,0.7910734898037707,1.0,1.0,0.7046237533998188,0.6803679411725094,1.0,0.8789829101015055
none,log,robust,pca_21,dt,1.0,0.7347697832499679,1.0,1.0,0.6438167413021012,0.6519009417509593,1.0,0.7175345509718496
none,log,robust,pca_21,knn_5,0.8189434724091521,0.7143773246120303,0.7472166110771832,0.7335076249631965,0.5999640740075445,0.5843640229869588,0.900420134408501,0.7744278216367482
none,log,robust,pca_21,xgboost,0.9225773889636608,0.7697832499679363,0.8938016338210182,0.891863838771729,0.6829182123299771,0.6755379921233383,0.9758693964397983,0.8450344249819084
none,log,robust,pca_21,gradboost,0.7666554508748318,0.7400282159805053,0.672892788076034,0.6580795338819163,0.6395162724524275,0.6286797832138677,0.8476556398546549,0.8183603017869621
none,yeo_johnson,standard,none,logreg,0.7432705248990579,0.7372066179299731,0.6372884578817266,0.6187706815502818,0.6339110237627301,0.6205050246862094,0.8233150359809456,0.815625399911892
none,yeo_johnson,standard,none,rf,1.0,0.7923560343721945,1.0,1.0,0.7132990968655923,0.7039780595028434,1.0,0.8790253078401418
none,yeo_johnson,standard,none,dt,1.0,0.73271771194049,1.0,1.0,0.6381944444444445,0.6414841065292096,1.0,0.7136429127968409
none,yeo_johnson,standard,none,knn_5,0.8172947510094213,0.716301141464666,0.745357343837929,0.732858054905299,0.607940446650124,0.5995052300411411,0.8991643705686805,0.7734850912846671
none,yeo_johnson,standard,none,xgboost,0.8978465679676986,0.7605489290752854,0.8601437258153677,0.859778127258044,0.6747953318237241,0.6762087624367255,0.9619143762458493,0.8413948020797117
none,yeo_johnson,standard,none,gradboost,0.767092866756393,0.7493907913299988,0.6830586080586081,0.686598974707565,0.663799036476256,0.6727745881847937,0.8486956248996425,0.8288634744684923
none,yeo_johnson,standard,pca_21,logreg,0.7406123822341857,0.7333589842247018,0.6305295950155764,0.6076005130008775,0.6257425742574257,0.6082567201949092,0.8207773867338443,0.8121218178338336
none,yeo_johnson,standard,pca_21,rf,1.0,0.7847890214184943,1.0,1.0,0.6910898379970546,0.6579926653003991,1.0,0.8767250358717428
none,yeo_johnson,standard,pca_21,dt,1.0,0.7209183019109914,1.0,1.0,0.6214335421016005,0.623435905697868,1.0,0.7005103725112032
none,yeo_johnson,standard,pca_21,knn_5,0.8172274562584119,0.7165576503783506,0.7450483431897119,0.7319826051177275,0.6082949308755761,0.5998547957729435,0.8990978850763233,0.7735789113223337
none,yeo_johnson,standard,pca_21,xgboost,0.9211978465679677,0.7658073618058228,0.8916142169566826,0.887444016100686,0.6768141592920354,0.6682977979727368,0.9759507004288365,0.8405858829544953
none,yeo_johnson,standard,pca_21,gradboost,0.7645693135935397,0.7361805822752341,0.6648143712574849,0.6409228003737242,0.6244294321708964,0.599086413431609,0.8455957321049966,0.8161739516221276
none,yeo_johnson,minmax,none,logreg,0.7409825033647376,0.7338720020520713,0.630685089234312,0.6071839693029204,0.6248418007593564,0.6049524014703703,0.8209022966516657,0.8126942934767222
none,yeo_johnson,minmax,none,rf,1.0,0.7895344363216622,1.0,1.0,0.710530957840889,0.7037699079362947,1.0,0.878143661375278
none,yeo_johnson,minmax,none,dt,1.0,0.7347697832499679,1.0,1.0,0.6425855513307985,0.6485869944445934,1.0,0.7168023229147673
none,yeo_johnson,minmax,none,knn_5,0.8179676985195155,0.7215595741952033,0.7471017202692596,0.736737964880429,0.6130814471573695,0.6015037593984964,0.8999889820693212,0.7818876648203241
none,yeo_johnson,minmax,none,xgboost,0.8978465679676986,0.7605489290752854,0.8601437258153677,0.859778127258044,0.6747953318237241,0.6762087624367255,0.9619143762458493,0.8413948020797117
none,yeo_johnson,minmax,none,gradboost,0.767092866756393,0.7493907913299988,0.6830586080586081,0.686598974707565,0.663799036476256,0.6727745881847937,0.8486956248996425,0.8288557593541162
none,yeo_johnson,minmax,pca_21,logreg,0.7408815612382235,0.7333589842247018,0.6305234371251739,0.6070013749782383,0.6237104072398191,0.6032506968664575,0.8205765631466995,0.8122810747819665
none,yeo_johnson,minmax,pca_21,rf,1.0,0.7851737847890214,1.0,1.0,0.6956205705978558,0.6703215291154245,1.0,0.8769921628594111
none,yeo_johnson,minmax,pca_21,dt,1.0,0.7286135693215339,1.0,1.0,0.6366758241758241,0.6465128755364807,1.0,0.7115710152920645
none,yeo_johnson,minmax,pca_21,knn_5,0.8180349932705249,0.7220725920225728,0.7471715755025714,0.7367431898612088,0.6137943325610408,0.6022031823745411,0.9000495670169539,0.7820056211332413
none,yeo_johnson,minmax,pca_21,xgboost,0.9194818304172274,0.7627292548416057,0.8900528371238227,0.8918305410066543,0.676460300804477,0.6753700271308459,0.9742112286326128,0.8364293119986591
none,yeo_johnson,minmax,pca_21,gradboost,0.7667227456258412,0.7369501090162883,0.6734184370436667,0.6593978960066704,0.6344680092675103,0.622486448679839,0.8479110160162364,0.8174632958742116
none,yeo_johnson,robust,none,logreg,0.7432368775235532,0.7373348723868154,0.6361859356376638,0.6160424161283563,0.6320517427236796,0.6155150601598881,0.8229390025903757,0.8154991268472391
none,yeo_johnson,robust,none,rf,1.0,0.7919712710016673,1.0,1.0,0.7139329805996472,0.7072547912802731,1.0,0.8785022372416073
none,yeo_johnson,robust,none,dt,1.0,0.7355393099910222,1.0,1.0,0.6416405978449774,0.644328097731239,1.0,0.7164585756398307
none,yeo_johnson,robust,none,knn_5,0.8154441453566622,0.7114274721046556,0.7429107101007734,0.7308007419728959,0.5980707395498392,0.5855194123819518,0.8986581223849534,0.7722336147958058
none,yeo_johnson,robust,none,xgboost,0.8978465679676986,0.7605489290752854,0.8601437258153677,0.859778127258044,0.6747953318237241,0.6762087624367255,0.9619143762458493,0.8413948020797117
none,yeo_johnson,robust,none,gradboost,0.7672947510094212,0.749134282416314,0.6833913202710127,0.6870494937336259,0.6634549208534067,0.6724258196061598,0.8486607050023568,0.8287102338939555
none,yeo_johnson,robust,pca_21,logreg,0.7418236877523553,0.7322046941131204,0.6319374490334341,0.6084707403815066,0.622286541244573,0.6021760206829689,0.8209786643968343,0.8128904980368219
none,yeo_johnson,robust,pca_21,rf,1.0,0.7865845838142875,1.0,1.0,0.6962395034684191,0.6680949686043064,1.0,0.8755083481784401
none,yeo_johnson,robust,pca_21,dt,1.0,0.7301526228036425,1.0,1.0,0.6347222222222222,0.6379939862542955,1.0,0.7108835207421911
none,yeo_johnson,robust,pca_21,knn_5,0.8154777927321669,0.7112992176478132,0.7429214325895369,0.7307163022968776,0.597820260854029,0.5851775120067803,0.8986198286553098,0.7721569591181044
none,yeo_johnson,robust,pca_21,xgboost,0.9177321668909825,0.7668333974605618,0.8874050195717246,0.8872918666388031,0.6819454163750875,0.6806264438833074,0.97363255046898,0.8379254779407185
none,yeo_johnson,robust,pca_21,gradboost,0.7691117092866756,0.7422085417468257,0.6777496008265238,0.6655173636976338,0.6424759871931698,0.6314855160171065,0.848927970139035,0.8200047536429498
rus,none,standard,none,logreg,0.7256393001345895,0.7147620879825574,0.6790269248937175,0.7840360813929096,0.6702253855278767,0.7784843667196608,0.8113773624705698,0.8011405911844414
rus,none,standard,none,rf,0.9254374158815613,0.7569578042836989,0.9074120498036267,0.9922122649797928,0.7212005296454318,0.8436842174943403,0.9957118078063537,0.8625386746650933
rus,none,standard,none,dt,0.9260094212651413,0.7039887136077979,0.9080570305640339,0.9922715467098718,0.6412806963009015,0.7135559398696288,0.941705105773819,0.7074138073084358
rus,none,standard,none,knn_5,0.7745289367429341,0.7068103116583301,0.7311750310907851,0.8297804533818024,0.6535313731433767,0.744099609737967,0.8674476219484034,0.7737918909476369
rus,none,standard,none,xgboost,0.8512113055181696,0.7420802872899833,0.8228365384615384,0.9349315068493151,0.700877584411721,0.8117785817463787,0.9419469988123084,0.8361256974746519
rus,none,standard,none,gradboost,0.7433378196500673,0.7204052840836219,0.7116286103130197,0.8524530773196596,0.6888381387382243,0.8283119009268307,0.8477155192758394,0.8271639550988837
rus,none,standard,pca_21,logreg,0.7256729475100943,0.7142490701551879,0.6771728370619678,0.7777144236386342,0.6676610978520287,0.7713149522799576,0.8106653959573843,0.8010676868926294
rus,none,standard,pca_21,rf,0.9230820995962314,0.7469539566499935,0.9047658723546076,0.9919682383528916,0.7111696676914069,0.8357351754072545,0.9970459387898241,0.8550576680026319
rus,none,standard,pca_21,dt,0.9194481830417227,0.6915480312940875,0.9007133377571332,0.9915919754994239,0.6234538907155159,0.6890832368249403,0.9365357086050581,0.6923100199092419
rus,none,standard,pca_21,knn_5,0.7755720053835801,0.7047582403488521,0.7320854755784062,0.8298705483482305,0.6513177824901545,0.741989434282832,0.8675267898279531,0.7709525872954575
rus,none,standard,pca_21,xgboost,0.8720053835800807,0.7493907913299988,0.8453658536585364,0.9478710871760351,0.7075725830589645,0.8149778567450741,0.9542662205376367,0.8325311265935604
rus,none,standard,pca_21,gradboost,0.738257065948856,0.7130947800436065,0.7042317782593818,0.8392183105218582,0.6784533563317523,0.8106429920864544,0.8361561104749735,0.8068347702792843
rus,none,minmax,none,logreg,0.7243943472409152,0.7112992176478132,0.6773037072056101,0.7814572778226497,0.6662713120830245,0.7739961049800611,0.8089124337142644,0.798760230666348
rus,none,minmax,none,rf,0.9254374158815613,0.7565730409131717,0.9074120498036267,0.9922122649797928,0.7208002353633421,0.8433288320491437,0.9956998651233615,0.8623879114208608
rus,none,minmax,none,dt,0.925807537012113,0.7039887136077979,0.9078292856247127,0.9922506229374533,0.6415035725380552,0.71420970016229,0.9415460473993955,0.7075602529198523
rus,none,minmax,none,knn_5,0.7744616419919246,0.707451583942542,0.7322334518435665,0.8342056159832522,0.6552818497808675,0.7480524995686966,0.8648233345417122,0.7726432944472694
rus,none,minmax,none,xgboost,0.8512113055181696,0.7420802872899833,0.8228365384615384,0.9349315068493151,0.700877584411721,0.8117785817463787,0.9419469988123084,0.8361256974746519
rus,none,minmax,none,gradboost,0.7433378196500673,0.7204052840836219,0.7116286103130197,0.8524530773196596,0.6888381387382243,0.8283119009268307,0.8477126532272228,0.8271615485494453
rus,none,minmax,pca_21,logreg,0.724192462987887,0.7110427087341286,0.6764554963489245,0.7791334879052705,0.6653794742313975,0.7717075885462905,0.8086874171613689,0.7986932719672664
rus,none,minmax,pca_21,rf,0.9203903095558547,0.7516993715531615,0.9017605048995183,0.9916894977168951,0.7177019539224262,0.8464428393787866,0.9966048724613492,0.8594500100225705
rus,none,minmax,pca_21,dt,0.9257065948855989,0.703347441323586,0.9077154559893004,0.992240161382151,0.6391012638477142,0.70860336682414,0.9414665182121839,0.7058086742234208
rus,none,minmax,pca_21,knn_5,0.7743943472409152,0.7057842760035912,0.7322391278303582,0.8344553082893119,0.6535789791603746,0.7466227872289605,0.8647091320252814,0.772287337472976
rus,none,minmax,pca_21,xgboost,0.8725437415881562,0.7474669744773631,0.8459661678594667,0.9482623208325152,0.7027027027027026,0.8028503562945369,0.9530150706943117,0.834299586526494
rus,none,minmax,pca_21,gradboost,0.7347913862718708,0.7082211106835963,0.7073587287443379,0.8613319422709095,0.680791356812123,0.8314461595244058,0.8427919504695631,0.8145511587110861
rus,none,robust,none,logreg,0.7258411843876178,0.7154033602667693,0.6792631081719415,0.7843087895951332,0.6709179890256562,0.7791836139853469,0.8113810194900144,0.8012054972384137
rus,none,robust,none,rf,0.9252691790040377,0.7578555854815955,0.9072225239149505,0.9921948305248547,0.7218621096051856,0.8434404957364547,0.9956894335852531,0.862434272887984
rus,none,robust,none,dt,0.9260094212651413,0.7039887136077979,0.9080570305640339,0.9922715467098718,0.6413921690490989,0.7138828287128186,0.941705105773819,0.707487030114144
rus,none,robust,none,knn_5,0.7793405114401076,0.7073233294856996,0.7349017705554208,0.8282344035829181,0.6513901619309502,0.7363247522648176,0.8707192970062207,0.7769274125233435
rus,none,robust,none,xgboost,0.8512113055181696,0.7420802872899833,0.8228365384615384,0.9349315068493151,0.700877584411721,0.8117785817463787,0.9419469988123084,0.8361256974746519
rus,none,robust,none,gradboost,0.7433378196500673,0.7204052840836219,0.7116286103130197,0.8524530773196596,0.6888381387382243,0.8283119009268307,0.8477040501988367,0.8271711747471989
rus,none,robust,pca_21,logreg,0.7251009421265141,0.7154033602667693,0.6766917293233082,0.777582672813639,0.6679634894508455,0.7694612763362018,0.8106137582569237,0.8017791761560215
rus,none,robust,pca_21,rf,0.9208613728129206,0.7441323585994614,0.9022850020772746,0.9917382660194038,0.7081199707388441,0.832594513768509,0.9968486135397048,0.8560921657472705
rus,none,robust,pca_21,dt,0.9204912516823688,0.6991150442477876,0.901872845812051,0.9916999476636564,0.6357142857142857,0.7079653080770458,0.9373575102062457,0.7023906308217263
rus,none,robust,pca_21,knn_5,0.7787685060565276,0.7069385661151725,0.7344400016155741,0.8283556723609283,0.6510917697358374,0.7362954107723981,0.87071721216336,0.7768168174204735
rus,none,robust,pca_21,xgboost,0.8773889636608344,0.7441323585994614,0.8511194639647002,0.9499249365117226,0.7021054203374646,0.810334999270876,0.9560391572354259,0.837054554777029
rus,none,robust,pca_21,gradboost,0.736507402422611,0.7145055790688727,0.702797070097537,0.8388967295663236,0.6803561171740379,0.813659180977543,0.8375488196837914,0.8085439866275126
rus,log,standard,none,logreg,0.7338829071332436,0.7242529177888931,0.6854142635535578,0.7839388011492283,0.6778543602037759,0.7798965654422491,0.8214584516768506,0.8125837337642849
rus,log,standard,none,rf,0.925235531628533,0.7575990765679107,0.9071846282372598,0.9921913437073898,0.7223038495445195,0.8459929575600327,0.9956633852558321,0.8623665002089452
rus,log,standard,none,dt,0.9257738896366083,0.704373476978325,0.9077913392409297,0.9922471357278414,0.6410216477184238,0.7119496520616843,0.941519537670325,0.7073517678795298
rus,log,standard,none,knn_5,0.7775908479138627,0.7015518789277927,0.7358957967076873,0.8382252034000363,0.6492840994724944,0.7430444070000398,0.8695703264344907,0.7719908364259853
rus,log,standard,none,xgboost,0.8512113055181696,0.7420802872899833,0.8228365384615384,0.9349315068493151,0.700877584411721,0.8117785817463787,0.9419469988123084,0.8361256974746519
rus,log,standard,none,gradboost,0.7433378196500673,0.7204052840836219,0.7116286103130197,0.8524530773196596,0.6888381387382243,0.8283119009268307,0.8477055540199165,0.8271516392282281
rus,log,standard,pca_21,logreg,0.7332436069986541,0.7239964088752084,0.6849968213604577,0.7842286482098368,0.6775546898411747,0.7795517835830793,0.821155675856034,0.8122226097867853
rus,log,standard,pca_21,rf,0.9263795423956931,0.7540079517763242,0.9084748598678156,0.9923099092513057,0.713731343283582,0.8240892942361738,0.9970099618235,0.8596341464450451
rus,log,standard,pca_21,dt,0.920121130551817,0.6916762857509299,0.9014610659139963,0.9916616322688508,0.6253117206982545,0.6940068128592718,0.9370659031864694,0.6935097201947438
rus,log,standard,pca_21,knn_5,0.777557200538358,0.701295370014108,0.7358874995006192,0.8383074213977393,0.6488768279813055,0.7423741856731548,0.8697472426842388,0.7718934773450268
rus,log,standard,pca_21,xgboost,0.8673283983849259,0.7452866487110427,0.8398521587262905,0.9424233181529745,0.700271657108361,0.8004033863220191,0.9518725865716229,0.8314448526455622
rus,log,standard,pca_21,gradboost,0.7458950201884254,0.7213030652815186,0.7070370083016527,0.8273148180478641,0.6825420014609204,0.8035882033844486,0.8437445576507607,0.8152906771973496
rus,log,minmax,none,logreg,0.7322678331090176,0.7236116455046813,0.6843086689148978,0.7844909926142587,0.6770567960437585,0.778872548369558,0.8208701842125651,0.8116126202850034
rus,log,minmax,none,rf,0.925235531628533,0.7575990765679107,0.9071846282372598,0.9921913437073898,0.7223038495445195,0.8459929575600327,0.9956635463795193,0.8623659339620183
rus,log,minmax,none,dt,0.9257738896366083,0.704373476978325,0.9077913392409297,0.9922471357278414,0.6410216477184238,0.7119496520616843,0.941519537670325,0.7073517678795298
rus,log,minmax,none,knn_5,0.7832436069986541,0.7039887136077979,0.7410771704180065,0.8395704318099027,0.6507263922518159,0.7419303461456784,0.8726561941445514,0.7758279379438667
rus,log,minmax,none,xgboost,0.8512113055181696,0.7420802872899833,0.8228365384615384,0.9349315068493151,0.700877584411721,0.8117785817463787,0.9419469988123084,0.8361256974746519
rus,log,minmax,none,gradboost,0.7433378196500673,0.7204052840836219,0.7116286103130197,0.8524530773196596,0.6888381387382243,0.8283119009268307,0.8477064963493596,0.8271550367097884
rus,log,minmax,pca_21,logreg,0.7323687752355317,0.7242529177888931,0.6843650793650794,0.7844137487054609,0.6779508687837028,0.7802206545377394,0.8207338784557803,0.8114336862561677
rus,log,minmax,pca_21,rf,0.9237550471063257,0.7581120943952803,0.9055203468979319,0.9920379479971891,0.7224838140082401,0.8450722872424932,0.9962379938257305,0.8625945561586715
rus,log,minmax,pca_21,dt,0.9258748317631225,0.7029626779530589,0.9079051879102045,0.9922575974302112,0.6385767790262171,0.7079207920792079,0.9415990668575367,0.705358154012369
rus,log,minmax,pca_21,knn_5,0.78314266487214,0.7048864948056945,0.7409461795088226,0.839391232771152,0.651522035438437,0.7423246923903954,0.8725767308715753,0.7766092879218398
rus,log,minmax,pca_21,xgboost,0.8761776581426649,0.745030139797358,0.85010183299389,0.9514107572431496,0.7034606205250596,0.8126723223753978,0.9564911970635023,0.8360624901614597
rus,log,minmax,pca_21,gradboost,0.739535666218035,0.716685904835193,0.7068358265480023,0.8453458109336947,0.6829338309171811,0.8170614110405136,0.8456042618953432,0.8173545056834205
rus,log,robust,none,logreg,0.7338156123822341,0.7239964088752084,0.6852846401718582,0.7836768117920022,0.6774580335731415,0.7792276681519202,0.8214441067861591,0.8126288919566889
rus,log,robust,none,rf,0.925235531628533,0.7575990765679107,0.9071846282372598,0.9921913437073898,0.7223038495445195,0.8459929575600327,0.9956637148270103,0.8623746753989493
rus,log,robust,none,dt,0.9257738896366083,0.704373476978325,0.9077913392409297,0.9922471357278414,0.6410216477184238,0.7119496520616843,0.941519537670325,0.7073517678795298
rus,log,robust,none,knn_5,0.7828398384925975,0.703347441323586,0.7397160832392321,0.8354449007049457,0.6485336574988604,0.7366729954724697,0.8728252324225055,0.7726480367652805
rus,log,robust,none,xgboost,0.8512113055181696,0.7420802872899833,0.8228365384615384,0.9349315068493151,0.700877584411721,0.8117785817463787,0.9419469988123084,0.8361256974746519
rus,log,robust,none,gradboost,0.7433378196500673,0.7204052840836219,0.7116286103130197,0.8524530773196596,0.6888381387382243,0.8283119009268307,0.8477064963493596,0.8271478878423388
rus,log,robust,pca_21,logreg,0.7330417227456258,0.7252789534436321,0.6842566061763771,0.7822456464527688,0.6779915814792544,0.7777099803682282,0.821315720502724,0.8131293126781555
rus,log,robust,pca_21,rf,0.9266823687752356,0.7596511478773887,0.9088170063187848,0.9923412989916102,0.722452606635071,0.8400540483255617,0.9969462642591839,0.8623617578909339
rus,log,robust,pca_21,dt,0.9229811574697173,0.7088623829678081,0.9046528095972008,0.9919577827512184,0.6428571428571428,0.7073722899909445,0.9393192301574678,0.7098009627896494
rus,log,robust,pca_21,knn_5,0.782671601615074,0.7034756957804283,0.739545949433445,0.8353450239125485,0.649165402124431,0.738310809016807,0.8725886955259794,0.7724181051226093
rus,log,robust,pca_21,xgboost,0.8761776581426649,0.7457996665384122,0.8503943410033336,0.9534384707623047,0.7023130069089817,0.806271056052206,0.9563893253916738,0.8343970517787516
rus,log,robust,pca_21,gradboost,0.7473082099596231,0.7197640117994101,0.7111760633797399,0.838733087245044,0.6822742474916388,0.8066866808617565,0.8464660001995298,0.8165793844216411
rus,yeo_johnson,standard,none,logreg,0.7358344549125169,0.7254072079004745,0.6885636082351542,0.7894830753083181,0.6796348945084544,0.782906164229173,0.8225138020625482,0.8143538216571329
rus,yeo_johnson,standard,none,rf,0.9238223418573351,0.7577273310247531,0.9055958635643399,0.9920449195004885,0.7231423127656457,0.848899535462354,0.9956819291274611,0.8630136496652915
rus,yeo_johnson,standard,none,dt,0.9262449528936743,0.706425548287803,0.908322877457131,0.992295958893036,0.6413911953626821,0.7085025093518285,0.941890673877313,0.7081680482147933
rus,yeo_johnson,standard,none,knn_5,0.7813257065948856,0.7073233294856996,0.7389645338795838,0.8376991590575562,0.6532968702522028,0.7421864627313525,0.8709469550110782,0.7774502353888475
rus,yeo_johnson,standard,none,xgboost,0.8485531628532974,0.7452866487110427,0.8199239847969594,0.9328142123377601,0.7036705461056401,0.8126938678119779,0.9411764491912394,0.8368393455544522
rus,yeo_johnson,standard,none,gradboost,0.7434051144010767,0.7209183019109914,0.711878494786157,0.8532206601552159,0.6894977168949772,0.8293198141106887,0.847485793516997,0.8267860560561807
rus,yeo_johnson,standard,pca_21,logreg,0.7345222072678331,0.7254072079004745,0.6845009596928981,0.7791152004033274,0.6778028592927012,0.7767474562555551,0.8198747669559476,0.8108324735817497
rus,yeo_johnson,standard,pca_21,rf,0.9284993270524899,0.754264460690009,0.9108753093151031,0.992529679145325,0.7130017974835231,0.8205590622182146,0.9969993447490246,0.8583632406085117
rus,yeo_johnson,standard,pca_21,dt,0.9232166890982504,0.6921893035782993,0.9049166666666666,0.9919821794979904,0.6276760781880236,0.6996089489505467,0.9395047982609618,0.6951599406912968
rus,yeo_johnson,standard,pca_21,knn_5,0.7780955585464334,0.7042452225214826,0.735448674234827,0.8346915547461872,0.6490106544901065,0.7360900857833372,0.8699316658330469,0.7743510951781809
rus,yeo_johnson,standard,pca_21,xgboost,0.8775235531628532,0.7438758496857766,0.8516949152542374,0.9529807827184736,0.6980190533797066,0.7964007485169015,0.956787942952391,0.8312677589192385
rus,yeo_johnson,standard,pca_21,gradboost,0.7481830417227456,0.7210465563678338,0.7068546807677243,0.8198542003033417,0.6786822278032206,0.7909674855969803,0.8449593960740476,0.8168710015888889
rus,yeo_johnson,minmax,none,logreg,0.7340174966352625,0.7259202257278441,0.6846954648797415,0.7811275976855789,0.6782111127842192,0.7767886755906973,0.8200120541024631,0.8113749381375233
rus,yeo_johnson,minmax,none,rf,0.923956931359354,0.7558035141721174,0.9057469346901326,0.9920588628010428,0.7204111600587372,0.8442273581658857,0.9955470759251286,0.8633003121719306
rus,yeo_johnson,minmax,none,dt,0.9270188425302827,0.7042452225214826,0.9091974714279734,0.9923761788100652,0.6382177596485723,0.7040873385700972,0.9425003976459361,0.7054930623426541
rus,yeo_johnson,minmax,none,knn_5,0.7845222072678331,0.7110427087341286,0.7425010052271813,0.8408748590123508,0.6572341396622546,0.7457276022786121,0.8735422450366201,0.778726803694648
rus,yeo_johnson,minmax,none,xgboost,0.8485531628532974,0.7452866487110427,0.8199239847969594,0.9328142123377601,0.7036705461056401,0.8126938678119779,0.9411764491912394,0.8368393455544522
rus,yeo_johnson,minmax,none,gradboost,0.7434051144010767,0.7209183019109914,0.711878494786157,0.8532206601552159,0.6894090779332002,0.8289984420796916,0.8474993132591089,0.8267823046702913
rus,yeo_johnson,minmax,pca_21,logreg,0.7340847913862719,0.7260484801846864,0.6845487566359318,0.7804487011191275,0.6780223093156467,0.7758259254345229,0.8195210858150666,0.8108152030504854
rus,yeo_johnson,minmax,pca_21,rf,0.9251682368775236,0.7572143131973836,0.9071088463787487,0.9921843701459808,0.7215767024562436,0.8443503011848812,0.9961581985403083,0.8650109441374756
rus,yeo_johnson,minmax,pca_21,dt,0.9239232839838493,0.7088623829678081,0.9057091621835773,0.9920553769391591,0.6431939641622132,0.7083544168952568,0.9400615025714437,0.710020631206774
rus,yeo_johnson,minmax,pca_21,knn_5,0.7844212651413189,0.7111709631909708,0.7424321608040201,0.8409512033654302,0.6574383936720413,0.7460629398486257,0.8734885200520308,0.778949798812467
rus,yeo_johnson,minmax,pca_21,xgboost,0.8691117092866757,0.7441323585994614,0.8420881708208168,0.9453882559158632,0.7030808155975592,0.8138890729573919,0.9534832155672981,0.8344383170235343
rus,yeo_johnson,minmax,pca_21,gradboost,0.741621803499327,0.7180967038604591,0.7088089188881725,0.8467143111011998,0.6858204688393368,0.8236148523741615,0.8460847864382914,0.8202545393184879
rus,yeo_johnson,robust,none,logreg,0.7350605652759085,0.7245094267025779,0.6872666613710383,0.787112395641616,0.6780575539568345,0.7799172501591344,0.8223413264792685,0.8145752242054707
rus,yeo_johnson,robust,none,rf,0.925,0.7549057329742208,0.9069194471123733,0.992166936671317,0.7185152452496685,0.8396425024826215,0.9957380319070699,0.8638208346592948
rus,yeo_johnson,robust,none,dt,0.9255047106325707,0.7028344234962165,0.9074878823332776,0.9922192389333259,0.6380253085455398,0.706602605906544,0.9413074598377604,0.7049639045896579
rus,yeo_johnson,robust,none,knn_5,0.7798788694481831,0.7030909324099013,0.7372901774957834,0.8359543006045154,0.6495079485238455,0.7402344009237998,0.8712921088028809,0.7714881153263791
rus,yeo_johnson,robust,none,xgboost,0.8485531628532974,0.7452866487110427,0.8199239847969594,0.9328142123377601,0.7036705461056401,0.8126938678119779,0.9411764491912394,0.8368393455544522
rus,yeo_johnson,robust,none,gradboost,0.7434051144010767,0.7209183019109914,0.711878494786157,0.8532206601552159,0.6894977168949772,0.8293198141106887,0.8474746759825844,0.8267946913218128
rus,yeo_johnson,robust,pca_21,logreg,0.7363391655450875,0.7247659356162627,0.686359269932757,0.7805462184873949,0.6764173703256936,0.773776669143403,0.8202759747019992,0.8117517754672388
rus,yeo_johnson,robust,pca_21,rf,0.9262113055181695,0.7649095806079261,0.9082848897996737,0.9922924713647563,0.7262953561296103,0.8382538146434584,0.997301058618267,0.8656881046809369
rus,yeo_johnson,robust,pca_21,dt,0.9221736204576043,0.7089906374246505,0.9037493237901045,0.9918741458719045,0.6435192458758837,0.7090185217240783,0.9386829966597741,0.710268435018069
rus,yeo_johnson,robust,pca_21,knn_5,0.7799125168236878,0.7030909324099013,0.7373408826245833,0.8360424350043254,0.6495079485238455,0.7402344009237998,0.8713561408209112,0.7714688629308715
rus,yeo_johnson,robust,pca_21,xgboost,0.8786675639300134,0.75054508144158,0.8528643708176922,0.9530099184916038,0.7064150943396226,0.8073141279972399,0.9566288381938759,0.8357481169458453
rus,yeo_johnson,robust,pca_21,gradboost,0.7481830417227456,0.7210465563678338,0.7130368098159509,0.8432206936964589,0.6841875998257586,0.8100181161815849,0.8484476897228852,0.8211879265962784
